# channel	placement	ct	blog_utm_source	blog_utm_campaign
Instagram	bio link	ig-bio	instagram	bio
Instagram	stories link sticker	ig-story	instagram	story
Instagram	reel / post caption	ig-post	instagram	post
Threads	bio link	th-bio	threads	bio
Threads	post link	th-post	threads	post
Facebook	page button + about	fb-page	facebook	page
Facebook	page post	fb-post	facebook	post
Facebook	groups	fb-group	facebook	group
TikTok	bio link	tt-bio	tiktok	bio
YouTube	Shorts description / channel	yt-shorts	youtube	shorts
Reddit	profile social link	rd-profile	reddit	profile
Reddit	comments / answers	rd-comment	reddit	comment
Reddit	own posts	rd-post	reddit	post
Reddit	giveaway posts	rd-giveaway	reddit	giveaway
X	bio	x-bio	x	bio
X	posts / threads	x-post	x	post
Pinterest	pins	pin-pin	pinterest	pin
Pinterest	profile	pin-profile	pinterest	profile
Email	signature / DMs	dm	direct	dm
